{
"lengthUnit": "mil",
"components": {
	"fields": ["COMPONENT_NO", "COMPONENT_NAME", "LAYER", "X_COORDINATE", "Y_COORDINATE", "ANGLE"],
	"rows": [
		[1, "BZ1", "T", 1295, -1215, 0],
		[2, "C5", "B", 1090, -890, 180],
		[3, "C6", "B", 1085, -800, 180],
		[4, "C7", "T", 1281.05, -1425.72, 180],
		[5, "C8", "B", 1341.4, -798.3, 90],
		[6, "C9", "T", 575, -385, 270],
		[7, "C10", "T", 430, -219.88, 270],
		[8, "C11", "T", 409.88, -550.71, 270],
		[9, "C12", "T", 279.57, -334.7, 0],
		[10, "C16", "T", 290, -1374.21, 90],
		[11, "C17", "T", 706.99, -1256.52, 90],
		[12, "C18", "T", 360, -1210.12, 270],
		[13, "C19", "T", 470, -1030, 180],
		[14, "C20", "T", 290, -1210.12, 90],
		[15, "C21", "T", 920, -298.57, 180],
		[16, "C22", "T", 797.52, -298.78, 0],
		[17, "C23", "T", 687.56, -1102.44, 270],
		[18, "C24", "T", 757.56, -1037.44, 270],
		[19, "C25", "B", 385.39, -609.79, 0],
		[20, "C26", "B", 385.39, -714.53, 0],
		[21, "C27", "B", 385.39, -819.28, 0],
		[22, "C28", "B", 385.39, -937.42, 0],
		[23, "D1", "T", 960, -1300, 0],
		[24, "H2", "T", 748.03, -175, 0],
		[25, "LDO1", "T", 810, -1175, 90],
		[26, "LED1", "T", 1020, -985, 0],
		[27, "LED2", "T", 507.38, -1378.65, 180],
		[28, "LED3", "T", 635, -1378.86, 180],
		[29, "Q1", "B", 1010, -1175, 180],
		[30, "R1", "B", 960, -660, 270],
		[31, "R2", "T", 1220, -955, 180],
		[32, "R3", "B", 960, -985, 0],
		[33, "R8", "T", 384.93, -1378.86, 180],
		[34, "R9", "T", 457.14, -1307.65, 0],
		[35, "R10", "B", 845, -460, 180],
		[36, "R11", "T", 874.32, -520, 180],
		[37, "R12", "B", 840, -365, 0],
		[38, "R13", "T", 940, -1070, 0],
		[39, "R14", "T", 191.43, -915, 180],
		[40, "R15", "T", 191.43, -1015.33, 180],
		[41, "R16", "B", 660, -1035, 180],
		[42, "R17", "B", 660, -480, 180],
		[43, "SW2", "T", 80, -685, 90],
		[44, "SW3", "T", 80, -315, 90],
		[45, "SW6", "T", 1255, -350, 270],
		[46, "SW7", "B", 1395, -1220, 270],
		[47, "U2", "T", 1060, -665, 90],
		[48, "U3", "B", 1060.12, -620, 0],
		[49, "U4", "B", 1060, -710, 0],
		[50, "U5", "T", 438.97, -385, 90],
		[51, "U7", "T", 595, -1270, 0],
		[52, "U8", "T", 475, -1140, 90],
		[53, "U9", "T", 856.16, -412.94, 270],
		[54, "U10", "T", 660, -755, 90],
		[55, "U11", "T", 1280.44, -1512.11, 180],
		[56, "U13", "T", 1431.68, -810.86, 270],
		[57, "U14", "T", 815, -1350, 90],
		[58, "U15", "T", 59.74, -985, 0],
		[59, "U16", "B", 1335, -335, 90],
		[60, "USB1", "T", 150, -1285, 270],
		[61, "X1", "T", 1060, -845, 90]
	]
},
"pins": {
	"fields": ["PIN_NO", "PIN_NAME", "PIN_X", "PIN_Y", "LAYER", "PIN_TYPE", "NET_NAME", "NET_TYPE", "PAD_SHAPE", "PAD_SIZEX", "PAD_SIZEY", "HOLE_SIZE", "PAD_ANGLE"],
	"rows": [
		[1, "BZ1_1", 1154.52, -1075.59, "T", "SMD", "BAT+", "", "R", 86.61, 86.61, 0, 0],
		[2, "BZ1_2", 1154.02, -1355.05, "T", "SMD", "$1N19757", "", "R", 86.61, 86.61, 0, 0],
		[3, "BZ1_3", 1435.94, -1353.89, "T", "SMD", "BZ1_3", "", "R", 86.61, 86.61, 0, 0],
		[4, "BZ1_4", 1435.98, -1074.96, "T", "SMD", "BZ1_4", "", "R", 86.61, 86.61, 0, 0],
		[5, "C5_1", 1117.56, -890, "B", "SMD", "GND", "GND", "R", 31.5, 35.43, 0, 180],
		[6, "C5_2", 1062.44, -890, "B", "SMD", "PD0", "", "R", 31.5, 35.43, 0, 180],
		[7, "C6_1", 1112.56, -800, "B", "SMD", "GND", "GND", "R", 31.5, 35.43, 0, 180],
		[8, "C6_2", 1057.44, -800, "B", "SMD", "PD1", "", "R", 31.5, 35.43, 0, 180],
		[9, "C7_1", 1308.61, -1425.72, "T", "SMD", "GND", "GND", "R", 31.5, 35.43, 0, 180],
		[10, "C7_2", 1253.49, -1425.72, "T", "SMD", "$1N4281", "", "R", 31.5, 35.43, 0, 180],
		[11, "C8_1", 1341.4, -825.86, "B", "SMD", "GND", "GND", "R", 31.5, 35.43, 0, 90],
		[12, "C8_2", 1341.4, -770.74, "B", "SMD", "$1N4640", "", "R", 31.5, 35.43, 0, 90],
		[13, "C9_1", 575, -357.44, "T", "SMD", "VCC3V3", "", "R", 31.5, 35.43, 0, 270],
		[14, "C9_2", 575, -412.56, "T", "SMD", "GND", "GND", "R", 31.5, 35.43, 0, 270],
		[15, "C10_1", 430, -192.32, "T", "SMD", "GND", "GND", "R", 31.5, 35.43, 0, 270],
		[16, "C10_2", 430, -247.44, "T", "SMD", "$1N5164", "", "R", 31.5, 35.43, 0, 270],
		[17, "C11_1", 409.88, -523.15, "T", "SMD", "$1N5307", "", "R", 31.5, 35.43, 0, 270],
		[18, "C11_2", 409.88, -578.27, "T", "SMD", "GND", "GND", "R", 31.5, 35.43, 0, 270],
		[19, "C12_1", 252.01, -334.7, "T", "SMD", "GND", "GND", "R", 31.5, 35.43, 0, 0],
		[20, "C12_2", 307.13, -334.7, "T", "SMD", "VCC3V3", "", "R", 31.5, 35.43, 0, 0],
		[21, "C16_1", 290, -1401.77, "T", "SMD", "GND", "GND", "R", 31.5, 35.43, 0, 90],
		[22, "C16_2", 290, -1346.65, "T", "SMD", "+5V", "", "R", 31.5, 35.43, 0, 90],
		[23, "C17_1", 706.99, -1284.08, "T", "SMD", "GND", "GND", "R", 31.5, 35.43, 0, 90],
		[24, "C17_2", 706.99, -1228.96, "T", "SMD", "BAT+", "", "R", 31.5, 35.43, 0, 90],
		[25, "C18_1", 360, -1182.56, "T", "SMD", "GND", "GND", "R", 31.5, 35.43, 0, 270],
		[26, "C18_2", 360, -1237.68, "T", "SMD", "+5V", "", "R", 31.5, 35.43, 0, 270],
		[27, "C19_1", 497.56, -1030, "T", "SMD", "GND", "GND", "R", 31.5, 35.43, 0, 180],
		[28, "C19_2", 442.44, -1030, "T", "SMD", "VCC3V3", "", "R", 31.5, 35.43, 0, 180],
		[29, "C20_1", 290, -1237.68, "T", "SMD", "+5V", "", "R", 31.5, 35.43, 0, 90],
		[30, "C20_2", 290, -1182.56, "T", "SMD", "GND", "GND", "R", 31.5, 35.43, 0, 90],
		[31, "C21_1", 947.56, -298.57, "T", "SMD", "GND", "GND", "R", 31.5, 35.43, 0, 180],
		[32, "C21_2", 892.44, -298.57, "T", "SMD", "VCC3V3", "", "R", 31.5, 35.43, 0, 180],
		[33, "C22_1", 769.96, -298.78, "T", "SMD", "GND", "GND", "R", 31.5, 35.43, 0, 0],
		[34, "C22_2", 825.08, -298.78, "T", "SMD", "VCC3V3", "", "R", 31.5, 35.43, 0, 0],
		[35, "C23_1", 687.56, -1074.88, "T", "SMD", "GND", "GND", "R", 31.5, 35.43, 0, 270],
		[36, "C23_2", 687.56, -1130, "T", "SMD", "VCC3V3", "", "R", 31.5, 35.43, 0, 270],
		[37, "C24_1", 757.56, -1009.88, "T", "SMD", "GND", "GND", "R", 31.5, 35.43, 0, 270],
		[38, "C24_2", 757.56, -1065, "T", "SMD", "VCC3V3", "", "R", 31.5, 35.43, 0, 270],
		[39, "C25_1", 357.83, -609.79, "B", "SMD", "GND", "GND", "R", 31.5, 35.43, 0, 0],
		[40, "C25_2", 412.95, -609.79, "B", "SMD", "VCC3V3", "", "R", 31.5, 35.43, 0, 0],
		[41, "C26_1", 357.83, -714.53, "B", "SMD", "GND", "GND", "R", 31.5, 35.43, 0, 0],
		[42, "C26_2", 412.95, -714.53, "B", "SMD", "VCC3V3", "", "R", 31.5, 35.43, 0, 0],
		[43, "C27_1", 357.83, -819.28, "B", "SMD", "GND", "GND", "R", 31.5, 35.43, 0, 0],
		[44, "C27_2", 412.95, -819.28, "B", "SMD", "VCC3V3", "", "R", 31.5, 35.43, 0, 0],
		[45, "C28_1", 357.83, -937.42, "B", "SMD", "GND", "GND", "R", 31.5, 35.43, 0, 0],
		[46, "C28_2", 412.95, -937.42, "B", "SMD", "VCC3V3", "", "R", 31.5, 35.43, 0, 0],
		[47, "D1_1", 893.37, -1300, "T", "SMD", "BAT+", "", "R", 37.4, 45.28, 0, 0],
		[48, "D1_2", 1026.63, -1300, "T", "SMD", "$1N19757", "", "R", 37.4, 45.28, 0, 0],
		[49, "H2_1", 598.03, -175, "T", "DIP", "GND", "GND", "R", 66.93, 66.93, 43.31, 0],
		[50, "H2_1", 598.03, -175, "B", "DIP", "GND", "GND", "R", 66.93, 66.93, 43.31, 0],
		[51, "H2_2", 698.03, -175, "T", "DIP", "VCC3V3", "", "C", 66.93, 66.93, 43.31, 0],
		[52, "H2_2", 698.03, -175, "B", "DIP", "VCC3V3", "", "C", 66.93, 66.93, 43.31, 0],
		[53, "H2_3", 798.03, -175, "T", "DIP", "PB10", "", "C", 66.93, 66.93, 43.31, 0],
		[54, "H2_3", 798.03, -175, "B", "DIP", "PB10", "", "C", 66.93, 66.93, 43.31, 0],
		[55, "H2_4", 898.03, -175, "T", "DIP", "PB11", "", "C", 66.93, 66.93, 43.31, 0],
		[56, "H2_4", 898.03, -175, "B", "DIP", "PB11", "", "C", 66.93, 66.93, 43.31, 0],
		[57, "LDO1_1", 847.4, -1126.38, "T", "SMD", "GND", "GND", "R", 42.13, 23.62, 0, 90],
		[58, "LDO1_2", 772.6, -1126.38, "T", "SMD", "VCC3V3", "", "R", 42.13, 23.62, 0, 90],
		[59, "LDO1_3", 810, -1223.63, "T", "SMD", "BAT+", "", "R", 42.13, 23.62, 0, 90],
		[60, "LED1_1", 988.53, -985, "T", "SMD", "$1N4469", "", "R", 31.5, 31.5, 0, 90],
		[61, "LED1_2", 1051.47, -985, "T", "SMD", "VCC3V3", "", "R", 31.5, 31.5, 0, 90],
		[62, "LED2_1", 538.85, -1378.65, "T", "SMD", "$1N7326", "", "R", 31.5, 31.5, 0, 270],
		[63, "LED2_2", 475.9, -1378.65, "T", "SMD", "$1N7468", "", "R", 31.5, 31.5, 0, 270],
		[64, "LED3_1", 601.5, -1378.86, "T", "SMD", "$1N7326", "", "R", 31.5, 31.5, 0, 270],
		[65, "LED3_2", 668.5, -1378.86, "T", "SMD", "$1N7499", "", "R", 31.5, 31.5, 0, 270],
		[66, "Q1_1", 970.63, -1212.4, "B", "SMD", "$1N20169", "", "R", 49.21, 27.56, 0, 180],
		[67, "Q1_2", 970.63, -1137.6, "B", "SMD", "GND", "GND", "R", 49.21, 27.56, 0, 180],
		[68, "Q1_3", 1049.37, -1175, "B", "SMD", "$1N19757", "", "R", 49.21, 27.56, 0, 180],
		[69, "R1_1", 960, -630.34, "B", "SMD", "PC15", "", "R", 31.75, 34.02, 0, 270],
		[70, "R1_2", 960, -689.66, "B", "SMD", "PC14", "", "R", 31.75, 34.02, 0, 270],
		[71, "R2_1", 1249.66, -955, "T", "SMD", "$1N4281", "", "R", 31.75, 34.02, 0, 180],
		[72, "R2_2", 1190.34, -955, "T", "SMD", "NRST", "", "R", 31.75, 34.02, 0, 180],
		[73, "R3_1", 930.34, -985, "B", "SMD", "PC13", "", "R", 31.75, 34.02, 0, 0],
		[74, "R3_2", 989.66, -985, "B", "SMD", "$1N4469", "", "R", 31.75, 34.02, 0, 0],
		[75, "R8_1", 414.59, -1378.86, "T", "SMD", "$1N7468", "", "R", 31.75, 34.02, 0, 180],
		[76, "R8_2", 355.27, -1378.86, "T", "SMD", "+5V", "", "R", 31.75, 34.02, 0, 180],
		[77, "R9_1", 427.48, -1307.65, "T", "SMD", "GND", "GND", "R", 31.75, 34.02, 0, 0],
		[78, "R9_2", 486.8, -1307.65, "T", "SMD", "$1N7527", "", "R", 31.75, 34.02, 0, 0],
		[79, "R10_1", 874.66, -460, "B", "SMD", "VCC3V3", "", "R", 31.75, 34.02, 0, 180],
		[80, "R10_2", 815.34, -460, "B", "SMD", "PA6", "", "R", 31.75, 34.02, 0, 180],
		[81, "R11_1", 903.98, -520, "T", "SMD", "VCC3V3", "", "R", 31.75, 34.02, 0, 180],
		[82, "R11_2", 844.66, -520, "T", "SMD", "PA7", "", "R", 31.75, 34.02, 0, 180],
		[83, "R12_1", 810.34, -365, "B", "SMD", "$1N8535", "", "R", 31.75, 34.02, 0, 0],
		[84, "R12_2", 869.66, -365, "B", "SMD", "GND", "GND", "R", 31.75, 34.02, 0, 0],
		[85, "R13_1", 910.34, -1070, "T", "SMD", "PB8", "", "R", 31.75, 34.02, 0, 0],
		[86, "R13_2", 969.66, -1070, "T", "SMD", "$1N20169", "", "R", 31.75, 34.02, 0, 0],
		[87, "R14_1", 221.09, -915, "T", "SMD", "PA5", "", "R", 31.75, 34.02, 0, 180],
		[88, "R14_2", 161.77, -915, "T", "SMD", "ADCSBQ", "", "R", 31.75, 34.02, 0, 180],
		[89, "R15_1", 221.09, -1015.33, "T", "SMD", "PA5", "", "R", 31.75, 34.02, 0, 180],
		[90, "R15_2", 161.77, -1015.33, "T", "SMD", "GND", "GND", "R", 31.75, 34.02, 0, 180],
		[91, "R16_1", 689.66, -1035, "B", "SMD", "$1N31902", "", "R", 31.75, 34.02, 0, 180],
		[92, "R16_2", 630.34, -1035, "B", "SMD", "GND", "GND", "R", 31.75, 34.02, 0, 180],
		[93, "R17_1", 689.66, -480, "B", "SMD", "GND", "GND", "R", 31.75, 34.02, 0, 180],
		[94, "R17_2", 630.34, -480, "B", "SMD", "$1N32029", "", "R", 31.75, 34.02, 0, 180],
		[95, "SW2_1", 118.39, -767.68, "T", "SMD", "PA8", "", "R", 47.24, 47.24, 0, 90],
		[96, "SW2_2", 118.38, -602.32, "T", "SMD", "GND", "GND", "R", 47.24, 47.24, 0, 90],
		[97, "SW2_3", 41.62, -820.83, "T", "SMD", "SW2_3", "", "P", 59.06, 59.06, 0, 90],
		[98, "SW2_4", 41.62, -549.17, "T", "SMD", "SW2_4", "", "P", 59.06, 59.05, 0, 90],
		[99, "SW3_1", 118.38, -397.68, "T", "SMD", "PA9", "", "R", 47.24, 47.24, 0, 90],
		[100, "SW3_2", 118.38, -232.32, "T", "SMD", "GND", "GND", "R", 47.24, 47.24, 0, 90],
		[101, "SW3_3", 41.61, -450.83, "T", "SMD", "SW3_3", "", "P", 59.06, 59.06, 0, 90],
		[102, "SW3_4", 41.62, -179.17, "T", "SMD", "SW3_4", "", "P", 59.06, 59.05, 0, 90],
		[103, "SW6_1", 1160.51, -251.57, "T", "SMD", "PA2", "", "R", 74.8, 70.87, 0, 90],
		[104, "SW6_2", 1160.51, -448.43, "T", "SMD", "PA1", "", "R", 74.8, 70.87, 0, 270],
		[105, "SW6_3", 1349.49, -137.4, "T", "SMD", "SW6_3", "", "R", 62.99, 62.99, 0, 270],
		[106, "SW6_C", 1349.49, -562.6, "T", "SMD", "GND", "GND", "R", 62.99, 62.99, 0, 270],
		[107, "SW6_T", 1160.51, -350, "T", "SMD", "PA0", "", "R", 74.8, 70.87, 0, 270],
		[108, "SW7_1", 1328.07, -1131.42, "B", "SMD", "BAT+", "", "R", 60, 23.62, 0, 180],
		[109, "SW7_2", 1328.07, -1249.53, "B", "SMD", "VCC3V3", "", "R", 60, 23.62, 0, 180],
		[110, "SW7_3", 1328.07, -1308.58, "B", "SMD", "SW7_3", "", "R", 60, 23.62, 0, 180],
		[111, "SW7_4", 1371.38, -1361.73, "B", "SMD", "GND", "GND", "R", 47.24, 27.56, 0, 90],
		[112, "SW7_4", 1461.93, -1361.73, "B", "SMD", "GND", "GND", "R", 47.24, 27.56, 0, 90],
		[113, "SW7_4", 1461.93, -1078.27, "B", "SMD", "GND", "GND", "R", 47.24, 27.56, 0, 90],
		[114, "SW7_4", 1371.38, -1078.27, "B", "SMD", "GND", "GND", "R", 47.24, 27.56, 0, 90],
		[115, "U2_1", 1093.47, -708.31, "T", "SMD", "PC14", "", "R", 55.12, 47.24, 0, 90],
		[116, "U2_2", 1093.47, -621.69, "T", "SMD", "GND", "GND", "R", 55.12, 47.24, 0, 90],
		[117, "U2_3", 1026.53, -621.69, "T", "SMD", "PC15", "", "R", 55.12, 47.24, 0, 90],
		[118, "U2_4", 1026.53, -708.31, "T", "SMD", "GND", "GND", "R", 55.12, 47.24, 0, 90],
		[119, "U3_1", 1032.56, -620, "B", "SMD", "GND", "GND", "R", 31.5, 35.43, 0, 0],
		[120, "U3_2", 1087.68, -620, "B", "SMD", "PC15", "", "R", 31.5, 35.43, 0, 0],
		[121, "U4_1", 1032.44, -710, "B", "SMD", "GND", "GND", "R", 31.5, 35.43, 0, 0],
		[122, "U4_2", 1087.56, -710, "B", "SMD", "PC14", "", "R", 31.5, 35.43, 0, 0],
		[123, "U5_1", 517.71, -434.21, "T", "SMD", "GND", "GND", "R", 11.81, 35.43, 0, 270],
		[124, "U5_2", 517.71, -414.53, "T", "SMD", "U5_2", "", "R", 11.81, 35.43, 0, 270],
		[125, "U5_3", 517.71, -394.84, "T", "SMD", "U5_3", "", "R", 11.81, 35.43, 0, 270],
		[126, "U5_4", 517.71, -375.16, "T", "SMD", "U5_4", "", "R", 11.81, 35.43, 0, 270],
		[127, "U5_5", 517.71, -355.47, "T", "SMD", "U5_5", "", "R", 11.81, 35.43, 0, 270],
		[128, "U5_6", 517.71, -335.79, "T", "SMD", "U5_6", "", "R", 11.81, 35.43, 0, 270],
		[129, "U5_7", 488.18, -306.26, "T", "SMD", "U5_7", "", "R", 11.81, 35.43, 0, 180],
		[130, "U5_8", 468.5, -306.26, "T", "SMD", "VCC3V3", "", "R", 11.81, 35.43, 0, 180],
		[131, "U5_9", 448.81, -306.26, "T", "SMD", "VCC3V3", "", "R", 11.81, 35.43, 0, 180],
		[132, "U5_10", 429.13, -306.26, "T", "SMD", "$1N5164", "", "R", 11.81, 35.43, 0, 180],
		[133, "U5_11", 409.44, -306.26, "T", "SMD", "GND", "GND", "R", 11.81, 35.43, 0, 180],
		[134, "U5_12", 389.76, -306.26, "T", "SMD", "PA4", "", "R", 11.81, 35.43, 0, 180],
		[135, "U5_13", 360.23, -335.79, "T", "SMD", "VCC3V3", "", "R", 11.81, 35.43, 0, 270],
		[136, "U5_14", 360.23, -355.47, "T", "SMD", "U5_14", "", "R", 11.81, 35.43, 0, 270],
		[137, "U5_15", 360.23, -375.16, "T", "SMD", "U5_15", "", "R", 11.81, 35.43, 0, 270],
		[138, "U5_16", 360.23, -394.84, "T", "SMD", "U5_16", "", "R", 11.81, 35.43, 0, 270],
		[139, "U5_17", 360.23, -414.53, "T", "SMD", "U5_17", "", "R", 11.81, 35.43, 0, 270],
		[140, "U5_18", 360.23, -434.21, "T", "SMD", "GND", "GND", "R", 11.81, 35.43, 0, 270],
		[141, "U5_19", 389.76, -463.74, "T", "SMD", "U5_19", "", "R", 11.81, 35.43, 0, 180],
		[142, "U5_20", 409.44, -463.74, "T", "SMD", "$1N5307", "", "R", 11.81, 35.43, 0, 180],
		[143, "U5_21", 429.13, -463.74, "T", "SMD", "U5_21", "", "R", 11.81, 35.43, 0, 180],
		[144, "U5_22", 448.81, -463.74, "T", "SMD", "U5_22", "", "R", 11.81, 35.43, 0, 180],
		[145, "U5_23", 468.5, -463.74, "T", "SMD", "PB0", "", "R", 11.81, 35.43, 0, 180],
		[146, "U5_24", 488.18, -463.74, "T", "SMD", "PB1", "", "R", 11.81, 35.43, 0, 180],
		[147, "U7_1", 648.15, -1307.4, "T", "SMD", "$1N7499", "", "R", 43.31, 23.62, 0, 0],
		[148, "U7_2", 648.15, -1270, "T", "SMD", "GND", "GND", "R", 43.31, 23.62, 0, 0],
		[149, "U7_3", 648.15, -1232.6, "T", "SMD", "BAT+", "", "R", 43.31, 23.62, 0, 0],
		[150, "U7_4", 541.85, -1232.6, "T", "SMD", "+5V", "", "R", 43.31, 23.62, 0, 0],
		[151, "U7_5", 541.85, -1270, "T", "SMD", "$1N7326", "", "R", 43.31, 23.62, 0, 0],
		[152, "U7_6", 541.85, -1307.4, "T", "SMD", "$1N7527", "", "R", 43.31, 23.62, 0, 0],
		[153, "U8_1", 512.4, -1091.38, "T", "SMD", "GND", "GND", "R", 42.13, 23.62, 0, 90],
		[154, "U8_2", 437.6, -1091.38, "T", "SMD", "VCC3V3", "", "R", 42.13, 23.62, 0, 90],
		[155, "U8_3", 475, -1188.63, "T", "SMD", "+5V", "", "R", 42.13, 23.62, 0, 90],
		[156, "U9_1", 894.55, -462.49, "T", "SMD", "GND", "GND", "O", 14.33, 30.2, 0, 0],
		[157, "U9_2", 868.96, -462.49, "T", "SMD", "VCC3V3", "", "O", 14.33, 30.2, 0, 0],
		[158, "U9_3", 843.37, -462.49, "T", "SMD", "PA7", "", "O", 14.33, 30.2, 0, 0],
		[159, "U9_4", 817.77, -462.49, "T", "SMD", "PA6", "", "O", 14.33, 30.2, 0, 0],
		[160, "U9_5", 817.77, -363.39, "T", "SMD", "$1N8535", "", "O", 14.33, 30.2, 0, 0],
		[161, "U9_6", 843.37, -363.39, "T", "SMD", "VCC3V3", "", "O", 14.33, 30.2, 0, 0],
		[162, "U9_7", 868.96, -363.39, "T", "SMD", "GND", "GND", "O", 14.33, 30.2, 0, 0],
		[163, "U9_8", 894.55, -363.39, "T", "SMD", "VCC3V3", "", "O", 14.33, 30.2, 0, 0],
		[164, "U10_1", 827.32, -863.27, "T", "SMD", "VBAT", "", "O", 10.63, 59.05, 0, 90],
		[165, "U10_2", 827.32, -843.58, "T", "SMD", "PC13", "", "O", 10.63, 59.05, 0, 90],
		[166, "U10_3", 827.32, -823.9, "T", "SMD", "PC14", "", "O", 10.63, 59.05, 0, 90],
		[167, "U10_4", 827.32, -804.21, "T", "SMD", "PC15", "", "O", 10.63, 59.05, 0, 90],
		[168, "U10_5", 827.32, -784.53, "T", "SMD", "PD0", "", "O", 10.63, 59.05, 0, 90],
		[169, "U10_6", 827.32, -764.84, "T", "SMD", "PD1", "", "O", 10.63, 59.05, 0, 90],
		[170, "U10_7", 827.32, -745.16, "T", "SMD", "NRST", "", "O", 10.63, 59.05, 0, 90],
		[171, "U10_8", 827.32, -725.47, "T", "SMD", "GND", "GND", "O", 10.63, 59.05, 0, 90],
		[172, "U10_9", 827.32, -705.79, "T", "SMD", "VCC3V3", "", "O", 10.63, 59.05, 0, 90],
		[173, "U10_10", 827.32, -686.1, "T", "SMD", "PA0", "", "O", 10.63, 59.05, 0, 90],
		[174, "U10_11", 827.32, -666.42, "T", "SMD", "PA1", "", "O", 10.63, 59.05, 0, 90],
		[175, "U10_12", 827.32, -646.73, "T", "SMD", "PA2", "", "O", 10.63, 59.05, 0, 90],
		[176, "U10_13", 768.27, -587.68, "T", "SMD", "U10_13", "", "O", 59.05, 10.63, 0, 90],
		[177, "U10_14", 748.58, -587.68, "T", "SMD", "PA4", "", "O", 59.05, 10.63, 0, 90],
		[178, "U10_15", 728.9, -587.68, "T", "SMD", "PA5", "", "O", 59.05, 10.63, 0, 90],
		[179, "U10_16", 709.21, -587.68, "T", "SMD", "PA6", "", "O", 59.05, 10.63, 0, 90],
		[180, "U10_17", 689.53, -587.68, "T", "SMD", "PA7", "", "O", 59.05, 10.63, 0, 90],
		[181, "U10_18", 669.84, -587.68, "T", "SMD", "PB0", "", "O", 59.05, 10.63, 0, 90],
		[182, "U10_19", 650.16, -587.68, "T", "SMD", "PB1", "", "O", 59.05, 10.63, 0, 90],
		[183, "U10_20", 630.47, -587.68, "T", "SMD", "$1N32029", "", "O", 59.05, 10.63, 0, 90],
		[184, "U10_21", 610.79, -587.68, "T", "SMD", "PB10", "", "O", 59.05, 10.63, 0, 90],
		[185, "U10_22", 591.1, -587.68, "T", "SMD", "PB11", "", "O", 59.05, 10.63, 0, 90],
		[186, "U10_23", 571.42, -587.68, "T", "SMD", "GND", "GND", "O", 59.05, 10.63, 0, 90],
		[187, "U10_24", 551.73, -587.68, "T", "SMD", "VCC3V3", "", "O", 59.05, 10.63, 0, 90],
		[188, "U10_25", 492.68, -646.73, "T", "SMD", "U10_25", "", "O", 10.63, 59.05, 0, 90],
		[189, "U10_26", 492.68, -666.42, "T", "SMD", "U10_26", "", "O", 10.63, 59.05, 0, 90],
		[190, "U10_27", 492.68, -686.1, "T", "SMD", "U10_27", "", "O", 10.63, 59.05, 0, 90],
		[191, "U10_28", 492.68, -705.79, "T", "SMD", "U10_28", "", "O", 10.63, 59.05, 0, 90],
		[192, "U10_29", 492.68, -725.47, "T", "SMD", "PA8", "", "O", 10.63, 59.05, 0, 90],
		[193, "U10_30", 492.68, -745.16, "T", "SMD", "PA9", "", "O", 10.63, 59.05, 0, 90],
		[194, "U10_31", 492.68, -764.84, "T", "SMD", "U10_31", "", "O", 10.63, 59.05, 0, 90],
		[195, "U10_32", 492.68, -784.53, "T", "SMD", "U10_32", "", "O", 10.63, 59.05, 0, 90],
		[196, "U10_33", 492.68, -804.21, "T", "SMD", "U10_33", "", "O", 10.63, 59.05, 0, 90],
		[197, "U10_34", 492.68, -823.9, "T", "SMD", "PA13", "", "O", 10.63, 59.05, 0, 90],
		[198, "U10_35", 492.68, -843.58, "T", "SMD", "GND", "GND", "O", 10.63, 59.05, 0, 90],
		[199, "U10_36", 492.68, -863.27, "T", "SMD", "VCC3V3", "", "O", 10.63, 59.05, 0, 90],
		[200, "U10_37", 551.73, -922.32, "T", "SMD", "PA14", "", "O", 59.05, 10.63, 0, 90],
		[201, "U10_38", 571.42, -922.32, "T", "SMD", "U10_38", "", "O", 59.05, 10.63, 0, 90],
		[202, "U10_39", 591.1, -922.32, "T", "SMD", "U10_39", "", "O", 59.05, 10.63, 0, 90],
		[203, "U10_40", 610.79, -922.32, "T", "SMD", "U10_40", "", "O", 59.05, 10.63, 0, 90],
		[204, "U10_41", 630.47, -922.32, "T", "SMD", "U10_41", "", "O", 59.05, 10.63, 0, 90],
		[205, "U10_42", 650.16, -922.32, "T", "SMD", "U10_42", "", "O", 59.05, 10.63, 0, 90],
		[206, "U10_43", 669.84, -922.32, "T", "SMD", "U10_43", "", "O", 59.05, 10.63, 0, 90],
		[207, "U10_44", 689.53, -922.32, "T", "SMD", "$1N31902", "", "O", 59.05, 10.63, 0, 90],
		[208, "U10_45", 709.21, -922.32, "T", "SMD", "PB8", "", "O", 59.05, 10.63, 0, 90],
		[209, "U10_46", 728.9, -922.32, "T", "SMD", "U10_46", "", "O", 59.05, 10.63, 0, 90],
		[210, "U10_47", 748.58, -922.32, "T", "SMD", "GND", "GND", "O", 59.05, 10.63, 0, 90],
		[211, "U10_48", 768.27, -922.32, "T", "SMD", "VCC3V3", "", "O", 59.05, 10.63, 0, 90],
		[212, "U11_1", 1330.44, -1512.11, "T", "DIP", "GND", "GND", "C", 60, 60, 36, 180],
		[213, "U11_1", 1330.44, -1512.11, "B", "DIP", "GND", "GND", "C", 60, 60, 36, 180],
		[214, "U11_2", 1230.44, -1512.11, "T", "DIP", "$1N4281", "", "C", 60, 60, 36, 180],
		[215, "U11_2", 1230.44, -1512.11, "B", "DIP", "$1N4281", "", "C", 60, 60, 36, 180],
		[216, "U13_1", 1431.68, -660.86, "T", "DIP", "$1N4640", "", "C", 60, 60, 36, 270],
		[217, "U13_1", 1431.68, -660.86, "B", "DIP", "$1N4640", "", "C", 60, 60, 36, 270],
		[218, "U13_2", 1431.68, -760.86, "T", "DIP", "PA13", "", "C", 60, 60, 36, 270],
		[219, "U13_2", 1431.68, -760.86, "B", "DIP", "PA13", "", "C", 60, 60, 36, 270],
		[220, "U13_3", 1431.68, -860.86, "T", "DIP", "PA14", "", "C", 60, 60, 36, 270],
		[221, "U13_3", 1431.68, -860.86, "B", "DIP", "PA14", "", "C", 60, 60, 36, 270],
		[222, "U13_4", 1431.68, -960.86, "T", "DIP", "GND", "GND", "C", 60, 60, 36, 270],
		[223, "U13_4", 1431.68, -960.86, "B", "DIP", "GND", "GND", "C", 60, 60, 36, 270],
		[224, "U14_1", 815, -1400, "T", "DIP", "GND", "GND", "C", 60, 60, 36, 90],
		[225, "U14_1", 815, -1400, "B", "DIP", "GND", "GND", "C", 60, 60, 36, 90],
		[226, "U14_2", 815, -1300, "T", "DIP", "BAT+", "", "C", 60, 60, 36, 90],
		[227, "U14_2", 815, -1300, "B", "DIP", "BAT+", "", "C", 60, 60, 36, 90],
		[228, "U15_1", 59.74, -985, "T", "DIP", "ADCSBQ", "", "C", 60, 60, 36, 0],
		[229, "U15_1", 59.74, -985, "B", "DIP", "ADCSBQ", "", "C", 60, 60, 36, 0],
		[230, "U16_1", 1365, -335, "B", "SMD", "VBAT", "", "R", 82.68, 27.56, 0, 90],
		[231, "U16_2", 1305, -335, "B", "SMD", "GND", "GND", "R", 82.68, 27.56, 0, 90],
		[232, "USB1_7", 70.28, -1455.07, "T", "DIP", "GND", "GND", "O", 43.31, 66.93, 47.24, 270],
		[233, "USB1_7", 70.28, -1455.07, "B", "DIP", "GND", "GND", "O", 43.31, 66.93, 47.24, 270],
		[234, "USB1_7", 70.27, -1114.93, "T", "DIP", "GND", "GND", "O", 43.31, 66.93, 47.24, 270],
		[235, "USB1_7", 70.27, -1114.93, "B", "DIP", "GND", "GND", "O", 43.31, 66.93, 47.24, 270],
		[236, "USB1_7", 219.88, -1455.07, "T", "DIP", "GND", "GND", "O", 43.31, 66.93, 47.24, 270],
		[237, "USB1_7", 219.88, -1455.07, "B", "DIP", "GND", "GND", "O", 43.31, 66.93, 47.24, 270],
		[238, "USB1_7", 219.88, -1114.93, "T", "DIP", "GND", "GND", "O", 43.31, 66.93, 47.24, 270],
		[239, "USB1_7", 219.88, -1114.93, "B", "DIP", "GND", "GND", "O", 43.31, 66.93, 47.24, 270],
		[240, "USB1_A12", 229.72, -1391.3, "T", "SMD", "GND", "GND", "R", 31.5, 47.24, 0, 270],
		[241, "USB1_A5", 229.72, -1265.32, "T", "SMD", "USB1_A5", "", "R", 27.56, 47.24, 0, 270],
		[242, "USB1_A9", 229.72, -1344.05, "T", "SMD", "+5V", "", "R", 27.56, 47.24, 0, 270],
		[243, "USB1_B12", 229.72, -1178.7, "T", "SMD", "GND", "GND", "R", 31.5, 47.24, 0, 270],
		[244, "USB1_B5", 229.72, -1304.68, "T", "SMD", "USB1_B5", "", "R", 27.56, 47.24, 0, 270],
		[245, "USB1_B9", 229.72, -1225.94, "T", "SMD", "+5V", "", "R", 27.56, 47.24, 0, 270],
		[246, "X1_1", 1060, -887.33, "T", "SMD", "PD0", "", "R", 53.15, 66.93, 0, 90],
		[247, "X1_2", 1060, -802.67, "T", "SMD", "PD1", "", "R", 53.15, 66.93, 0, 90]
	]
}
}